product name,product id,category,sub category,Dimensions,description,unit,weight,price per unit,stock,image url,image 2 url,total price,bestseller,newitem
Silver Blue Spinel,s104,Faceting Rough,Synthetic Spinel,,"Silver Blue synthetic spinel rough - available in multiple sizes, featuring a bright silvery-blue tone with excellent clarity. Ideal for faceting and lapidary projects.",ct,50,0.2,1,images\main\s104.jpeg,,10,,
Silver Blue Spinel,s104,Faceting Rough,Synthetic Spinel,,"Silver Blue synthetic spinel rough - available in multiple sizes, featuring a bright silvery-blue tone with excellent clarity. Ideal for faceting and lapidary projects.",ct,60,0.2,1,images\main\s104.jpeg,,12,,
Silver Blue Spinel,s104,Faceting Rough,Synthetic Spinel,,"Silver Blue synthetic spinel rough - available in multiple sizes, featuring a bright silvery-blue tone with excellent clarity. Ideal for faceting and lapidary projects.",ct,65,0.2,1,images\main\s104.jpeg,,13,,
Silver Blue Spinel,s104,Faceting Rough,Synthetic Spinel,,"Silver Blue synthetic spinel rough - available in multiple sizes, featuring a bright silvery-blue tone with excellent clarity. Ideal for faceting and lapidary projects.",ct,74,0.2,1,images\main\s104.jpeg,,14.8,,
Powder Blue Spinel,s105,Faceting Rough,Synthetic Spinel,,"Powder Blue synthetic spinel rough - available in multiple sizes, featuring a soft, pale blue color with high clarity. Ideal for faceting and lapidary projects.",ct,48,0.2,2,images\main\s105.jpeg,,9.6,,
Powder Blue Spinel,s105,Faceting Rough,Synthetic Spinel,,"Powder Blue synthetic spinel rough - available in multiple sizes, featuring a soft, pale blue color with high clarity. Ideal for faceting and lapidary projects.",ct,64,0.2,1,images\main\s105.jpeg,,12.8,,
Powder Blue Spinel,s105,Faceting Rough,Synthetic Spinel,,"Powder Blue synthetic spinel rough - available in multiple sizes, featuring a soft, pale blue color with high clarity. Ideal for faceting and lapidary projects.",ct,68,0.2,1,images\main\s105.jpeg,,13.6,,
Powder Blue Spinel,s105,Faceting Rough,Synthetic Spinel,,"Powder Blue synthetic spinel rough - available in multiple sizes, featuring a soft, pale blue color with high clarity. Ideal for faceting and lapidary projects.",ct,84,0.2,1,images\main\s105.jpeg,,16.8,,
Powder Blue Spinel,s105,Faceting Rough,Synthetic Spinel,,"Powder Blue synthetic spinel rough - available in multiple sizes, featuring a soft, pale blue color with high clarity. Ideal for faceting and lapidary projects.",ct,44,0.2,1,images\main\s105.jpeg,,8.8,Y,
Ice Blue Spinel,s106,Faceting Rough,Synthetic Spinel,,"Ice Blue synthetic spinel rough - available in multiple sizes, featuring a crisp, icy blue shade and outstanding clarity. Ideal for faceting and lapidary projects.",ct,30,0.2,1,images\main\s106.jpeg,,6,,
Sky Blue Spinel,s107,Faceting Rough,Synthetic Spinel,,"Sky Blue synthetic spinel rough - available in multiple sizes, featuring a clear, light blue color reminiscent of a summer sky. Ideal for faceting and lapidary projects",ct,35,0.2,1,images\main\s107.jpeg,,7,,
Ice Blue Spinel,s106,Faceting Rough,Synthetic Spinel,,"Ice Blue synthetic spinel rough - available in multiple sizes, featuring a crisp, icy blue shade and outstanding clarity. Ideal for faceting and lapidary projects.",ct,49,0.2,1,images\main\s106.jpeg,,9.8,,
Ice Blue Spinel,s106,Faceting Rough,Synthetic Spinel,,"Ice Blue synthetic spinel rough - available in multiple sizes, featuring a crisp, icy blue shade and outstanding clarity. Ideal for faceting and lapidary projects.",ct,48,0.2,1,images\main\s106.jpeg,,9.6,,
Ice Blue Spinel,s106,Faceting Rough,Synthetic Spinel,,"Ice Blue synthetic spinel rough - available in multiple sizes, featuring a crisp, icy blue shade and outstanding clarity. Ideal for faceting and lapidary projects.",ct,61,0.2,1,images\main\s106.jpeg,,12.2,,
Ice Blue Spinel,s106,Faceting Rough,Synthetic Spinel,,"Ice Blue synthetic spinel rough - available in multiple sizes, featuring a crisp, icy blue shade and outstanding clarity. Ideal for faceting and lapidary projects.",ct,86,0.2,1,images\main\s106.jpeg,,17.2,,
Sky Blue Spinel,s107,Faceting Rough,Synthetic Spinel,,"Sky Blue synthetic spinel rough - available in multiple sizes, featuring a clear, light blue color reminiscent of a summer sky. Ideal for faceting and lapidary projects",ct,23,0.2,1,images\main\s107.jpeg,,4.6,,
Sky Blue Spinel,s107,Faceting Rough,Synthetic Spinel,,"Sky Blue synthetic spinel rough - available in multiple sizes, featuring a clear, light blue color reminiscent of a summer sky. Ideal for faceting and lapidary projects",ct,42,0.2,1,images\main\s107.jpeg,,8.4,,
Sky Blue Spinel,s107,Faceting Rough,Synthetic Spinel,,"Sky Blue synthetic spinel rough - available in multiple sizes, featuring a clear, light blue color reminiscent of a summer sky. Ideal for faceting and lapidary projects",ct,48,0.2,1,images\main\s107.jpeg,,9.6,,
Royal Blue Spinel,s112,Faceting Rough,Synthetic Spinel,,"Royal Blue synthetic spinel rough -available in multiple sizes, featuring a rich, deep blue hue with excellent clarity. Ideal for faceting and lapidary projects.",ct,33,0.2,1,images\main\s112.jpeg,,6.6,,
Royal Blue Spinel,s112,Faceting Rough,Synthetic Spinel,,"Royal Blue synthetic spinel rough -available in multiple sizes, featuring a rich, deep blue hue with excellent clarity. Ideal for faceting and lapidary projects.",ct,33,0.2,1,images\main\s112.jpeg,,6.6,,
Royal Blue Spinel,s112,Faceting Rough,Synthetic Spinel,,"Royal Blue synthetic spinel rough -available in multiple sizes, featuring a rich, deep blue hue with excellent clarity. Ideal for faceting and lapidary projects.",ct,44,0.2,1,images\main\s112.jpeg,,8.8,,
Royal Blue Spinel,s112,Faceting Rough,Synthetic Spinel,,"Royal Blue synthetic spinel rough -available in multiple sizes, featuring a rich, deep blue hue with excellent clarity. Ideal for faceting and lapidary projects.",ct,55,0.2,1,images\main\s112.jpeg,,11,,
Sapphire Blue Spinel,s113,Faceting Rough,Synthetic Spinel,,"Sapphire Blue synthetic spinel rough - available in multiple sizes, featuring a classic sapphire-blue color with vibrant clarity. Ideal for faceting and lapidary projects.",ct,24,0.2,1,images\main\s113.jpeg,,4.8,,
Sapphire Blue Spinel,s113,Faceting Rough,Synthetic Spinel,,"Sapphire Blue synthetic spinel rough - available in multiple sizes, featuring a classic sapphire-blue color with vibrant clarity. Ideal for faceting and lapidary projects.",ct,32,0.2,1,images\main\s113.jpeg,,6.4,,
Sapphire Blue Spinel,s113,Faceting Rough,Synthetic Spinel,,"Sapphire Blue synthetic spinel rough - available in multiple sizes, featuring a classic sapphire-blue color with vibrant clarity. Ideal for faceting and lapidary projects.",ct,37,0.2,1,images\main\s113.jpeg,,7.4,,
Sapphire Blue Spinel,s113,Faceting Rough,Synthetic Spinel,,"Sapphire Blue synthetic spinel rough - available in multiple sizes, featuring a classic sapphire-blue color with vibrant clarity. Ideal for faceting and lapidary projects.",ct,40,0.2,2,images\main\s113.jpeg,,8,,
Sapphire Blue Spinel,s113,Faceting Rough,Synthetic Spinel,,"Sapphire Blue synthetic spinel rough - available in multiple sizes, featuring a classic sapphire-blue color with vibrant clarity. Ideal for faceting and lapidary projects.",ct,48,0.2,1,images\main\s113.jpeg,,9.6,,
Sapphire Blue Spinel,s113,Faceting Rough,Synthetic Spinel,,"Sapphire Blue synthetic spinel rough - available in multiple sizes, featuring a classic sapphire-blue color with vibrant clarity. Ideal for faceting and lapidary projects.",ct,62,0.2,1,images\main\s113.jpeg,,12.4,,
Midnight Blue Spinel,s114,Faceting Rough,Synthetic Spinel,,"Midnight Blue synthetic spinel rough - available in multiple sizes, featuring a dark, midnight blue shade and excellent clarity. Ideal for faceting and lapidary projects.",ct,24,0.2,1,images\main\s114.jpeg,,4.8,,
Midnight Blue Spinel,s114,Faceting Rough,Synthetic Spinel,,"Midnight Blue synthetic spinel rough - available in multiple sizes, featuring a dark, midnight blue shade and excellent clarity. Ideal for faceting and lapidary projects.",ct,42,0.2,1,images\main\s114.jpeg,,8.4,,
Midnight Blue Spinel,s114,Faceting Rough,Synthetic Spinel,,"Midnight Blue synthetic spinel rough - available in multiple sizes, featuring a dark, midnight blue shade and excellent clarity. Ideal for faceting and lapidary projects.",ct,45,0.2,1,images\main\s114.jpeg,,9,,
Ocean Blue Spinel,s119,Faceting Rough,Synthetic Spinel,,"Ocean Blue synthetic spinel rough - available in multiple sizes, featuring a vibrant ocean blue color with great clarity. Ideal for faceting and lapidary projects.",ct,53,0.2,1,images\main\s119.jpeg,,10.6,,
Midnight Blue Spinel,s114,Faceting Rough,Synthetic Spinel,,"Midnight Blue synthetic spinel rough - available in multiple sizes, featuring a dark, midnight blue shade and excellent clarity. Ideal for faceting and lapidary projects.",ct,60,0.2,1,images\main\s114.jpeg,,12,,
Ocean Blue Spinel,s119,Faceting Rough,Synthetic Spinel,,"Ocean Blue synthetic spinel rough - available in multiple sizes, featuring a vibrant ocean blue color with great clarity. Ideal for faceting and lapidary projects.",ct,48,0.2,1,images\main\s119.jpeg,,9.6,,
Ocean Blue Spinel,s119,Faceting Rough,Synthetic Spinel,,"Ocean Blue synthetic spinel rough - available in multiple sizes, featuring a vibrant ocean blue color with great clarity. Ideal for faceting and lapidary projects.",ct,49,0.2,1,images\main\s119.jpeg,,9.8,,
Ocean Blue Spinel,s119,Faceting Rough,Synthetic Spinel,,"Ocean Blue synthetic spinel rough - available in multiple sizes, featuring a vibrant ocean blue color with great clarity. Ideal for faceting and lapidary projects.",ct,54,0.2,1,images\main\s119.jpeg,,10.8,,
Slate Blue Spinel,s120,Faceting Rough,Synthetic Spinel,,"Slate Blue synthetic spinel rough - available in multiple sizes, featuring a subtle blue-grey tone and high clarity. Ideal for faceting and lapidary projects.",ct,33,0.2,1,images\main\s120.jpeg,,6.6,,
Slate Blue Spinel,s120,Faceting Rough,Synthetic Spinel,,"Slate Blue synthetic spinel rough - available in multiple sizes, featuring a subtle blue-grey tone and high clarity. Ideal for faceting and lapidary projects.",ct,47,0.2,1,images\main\s120.jpeg,,9.4,,
Slate Blue Spinel,s120,Faceting Rough,Synthetic Spinel,,"Slate Blue synthetic spinel rough - available in multiple sizes, featuring a subtle blue-grey tone and high clarity. Ideal for faceting and lapidary projects.",ct,51,0.2,1,images\main\s120.jpeg,,10.2,,
Slate Blue Spinel,s120,Faceting Rough,Synthetic Spinel,,"Slate Blue synthetic spinel rough - available in multiple sizes, featuring a subtle blue-grey tone and high clarity. Ideal for faceting and lapidary projects.",ct,81,0.2,1,images\main\s120.jpeg,,16.2,,
Amethyst Bag,waam001,Raw Material & Specimens,Amethyst,,1200ct bag of amethyst crystals from WA—featuring a beautiful mix of purple shades. Ideal as display pieces or for decorative use; not suitable for faceting.,Bag,1,40,1,images\main\waam001.jpeg,,40,,
Amethyst Bag,waam002,Raw Material & Specimens,Amethyst,,"1000ct bag of amethyst from WA—comprised of crystals in various shapes, sizes, and shades ranging from clear quartz to deep purple and black. Ideal for display or decorative use.",Bag,1,30,1,images\main\waam002.jpeg,,30,,
Smoky Quartz,sq002,Raw Material & Specimens,Smoky Quartz,,"Beautiful 100ct smoky quartz crystal from Mooralla, Vic—featuring well-defined crystal structure. An outstanding display piece for any collection.",ct,108,0.2314814815,1,images\main\sq002.jpeg,,25,,
Mixed Faceting Bag - CZ,fb001,Faceting Rough,Synthetic CZ,,Mixed 1000ct bulk bag of cubic zirconia—featuring a variety of random colors and sizes from our range. Perfect for faceting practice and bulk savings.,ct,1000,0.08,1,images\main\Other-Faceting-Bag-CZ.jpeg,,80,,
Mixed Faceting Bag - Spinel,fb002,Faceting Rough,Synthetic Spinel,,Mixed 300ct bulk bag of synthetic spinel rough—featuring a variety of colors and sizes from our range. Perfect for faceting practice and bulk savings.,ct,300,0.1833333333,1,images\main\Other-Faceting-Bag-Spinel.jpeg,,55,,
Mixed Faceting Bag - CZ & Spinel,fb003,Faceting Rough,"Synthetic CZ,Synthetic Spinel",,Mixed 500ct bulk bag of cubic zirconia and synthetic spinel rough—featuring a variety of colors and sizes from our range. Perfect for faceting practice and bulk savings.,ct,300,0.1833333333,1,images\main\Other-Faceting-Bag-CZ-Spinel.jpeg,,55,,
Mixed Faceting Bag - CZ & Spinel,fb003,Faceting Rough,"Synthetic CZ,Synthetic Spinel",,Mixed 500ct bulk bag of cubic zirconia and synthetic spinel rough—featuring a variety of colors and sizes from our range. Perfect for faceting practice and bulk savings.,ct,300,0.1833333333,1,images\main\Other-Faceting-Bag-CZ-Spinel.jpeg,,55,,
Sapphire Washbags,sw001,Raw Material & Specimens,Sapphire Wash Bag,,"Discover the excitement of fossicking at home with our compact Sapphire Washbags. Filled with genuine sapphire wash from the Queensland Gemfields, every  bag offers a hands-on gem hunting experience and contains a bonus cut sapphire. Approx. 700g",Bag,1,30,20,images\main\sw001.jpeg,,30,Y,
Yowah Nut Large - Single,yn001,Raw Material & Specimens,Yowah Nuts,,Single large unopened Yowah Nut (501-1000ct) from the Queensland opal fields—crack it open for a chance at discovering precious opal inside. Perfect for those who love the thrill of the unknown.,Large,1,50,7,images\main\yn001.jpeg,,50,,
Yowah Nut Medium - Single,yn002,Raw Material & Specimens,Yowah Nuts,,Single medium unopened Yowah Nut (150-500ct) from the Queensland opal fields—crack it open for a chance at discovering precious opal inside. Perfect for those who love the thrill of the unknown.,Medium,1,25,7,images\main\yn002.jpeg,,25,,
Yowah Nut Medium - 3 Pack,yn003,Raw Material & Specimens,Yowah Nuts,,Pack of 3 medium unopened Yowah Nuts (150-500ct each) from the Queensland opal fields—increase your chances of discovering precious opal. Great value for those who love the thrill of the hunt.,Bag,1,65,5,images\main\yn003.jpeg,,65,Y,
Yowah Nut Small - 3 Pack,yn004,Raw Material & Specimens,Yowah Nuts,,Pack of 3 small unopened Yowah Nuts (≤150ct each) from the Queensland opal fields—increase your chances of discovering precious opal. Great value for those who love the thrill of the hunt.,Bag,1,35,10,images\main\yn004.jpeg,,35,,
Yowah Nut Extra Large - Single,yn005,Raw Material & Specimens,Yowah Nuts,,Single extra large unopened Yowah Nut (1001-1750ct) from the Queensland opal fields—crack it open for a chance at discovering precious opal inside. Perfect for those who love the thrill of the unknown.,Extra Large,1,80,11,images\main\yn005.jpeg,,80,,
Herkimer Diamonds,hd001,Raw Material & Specimens,Herkimer Diamonds,,100g of Herkimer Diamonds; an exceptional variety of quartz from Herkimer County in New York known for its unique crystal structure.,g,100,0.125,10,images\main\other-herkimer-diamonds.jpeg,,12.5,,
Strawberry Bottle,ccb001,Carvings & Collectibles,Crystal Chip Bottles,,"Strawberry Quartz crystal chip bottle, 7cm tall and filled with small, polished pink stones.",Bottle,1,5,4,images\main\ccb001.jpeg,,5,,
Tiger Eye Bottle,ccb002,Carvings & Collectibles,Crystal Chip Bottles,,"Tiger Eye crystal chip bottle, 7cm tall and filled with golden-brown polished stones.",Bottle,1,5,4,images\main\ccb002.jpeg,,5,,
Moonstone Bottle,ccb003,Carvings & Collectibles,Crystal Chip Bottles,,"Moonstone crystal chip bottle, 7cm tall and filled with shimmering white and cream chips. ",Bottle,1,5,4,images\main\ccb003.jpeg,,5,,
Red Jasper Bottle,ccb004,Carvings & Collectibles,Crystal Chip Bottles,,"Red Jasper crystal chip bottle, 7cm tall and filled with deep red polished stones.",Bottle,1,5,3,images\main\ccb004.jpeg,,5,Y,
Amethyst Bottle,ccb005,Carvings & Collectibles,Crystal Chip Bottles,,"Amethyst crystal chip bottle, 7cm tall and filled with vibrant purple chips. ",Bottle,1,5,4,images\main\ccb005.jpeg,,5,,
Rose Quartz Bottle,ccb006,Carvings & Collectibles,Crystal Chip Bottles,,"Rose Quartz crystal chip bottle, 7cm tall and filled with soft pink polished stones.",Bottle,1,5,4,images\main\ccb006.jpeg,,5,,
Clear Quartz Bottle,ccb007,Carvings & Collectibles,Crystal Chip Bottles,,"Clear Quartz crystal chip bottle, 7cm tall and filled with bright, transparent chips. ",Bottle,1,5,4,images\main\ccb007.jpeg,,5,,Y
Ruby Zoisite Bottle,ccb008,Carvings & Collectibles,Crystal Chip Bottles,,"Ruby Zoisite crystal chip bottle, 7cm tall and filled with green and pink chips. ",Bottle,1,5,4,images\main\ccb008.jpeg,,5,,
Lapis Lazuli Bottle,ccb009,Carvings & Collectibles,Crystal Chip Bottles,,"Lapis Lazuli crystal chip bottle, 7cm tall and filled with rich blue chips flecked with gold.",Bottle,1,5,4,images\main\ccb009.jpeg,,5,,
Citrine Bottle,ccb010,Carvings & Collectibles,Crystal Chip Bottles,,"Citrine crystal chip bottle, 7cm tall and filled with golden-yellow chips.",Bottle,1,5,4,images\main\ccb010.jpeg,,5,,
Fire Quartz Bottle,ccb011,Carvings & Collectibles,Crystal Chip Bottles,,"Fire Quartz crystal chip bottle, 7cm tall and filled with red and clear chips. ",Bottle,1,5,4,images\main\ccb011.jpeg,,5,,
Black Obsidian Bottle,ccb012,Carvings & Collectibles,Crystal Chip Bottles,,"Black Obsidian crystal chip bottle, 7cm tall and filled with glossy black chips.",Bottle,1,5,4,images\main\ccb012.jpeg,,5,,
Black Tourmaline Bottle,ccb013,Carvings & Collectibles,Crystal Chip Bottles,,"Black Tourmaline crystal chip bottle, 7cm tall and filled with deep black chips.",Bottle,1,5,4,images\main\ccb013.jpeg,,5,,
Sodalite Bottle,ccb014,Carvings & Collectibles,Crystal Chip Bottles,,"Sodalite crystal chip bottle, 7cm tall and filled with blue and white chips. ",Bottle,1,5,4,images\main\ccb014.jpeg,,5,,
Dragon Blood Bottle,ccb015,Carvings & Collectibles,Crystal Chip Bottles,,"Dragon Blood crystal chip bottle, 7cm tall and filled with green and red chips. ",Bottle,1,5,4,images\main\ccb015.jpeg,,5,,
Amethyst Bottle,ccb016,Carvings & Collectibles,Crystal Chip Bottles,,"Amethyst crystal chip bottle, 7cm tall and filled with vibrant purple chips.",Bottle,1,5,4,images\main\ccb016.jpeg,,5,,
Blue Tiger Eye Butterfly,btf001,Carvings & Collectibles,Crystal Butterflies,,"Blue Tiger Eye carved butterfly, approximately 4cm wingspan, featuring striking chatoyant bands of deep blue with golden highlights that shimmer in the light.",Butterfly,1,7.5,0,images\main\btf001.jpeg,,7.5,,
Citrine Butterfly,btf002,Carvings & Collectibles,Crystal Butterflies,,"Citrine carved butterfly, approximately 4cm wingspan, showcasing warm golden-yellow coloration with brilliant translucent clarity.",Butterfly,1,7.5,2,images\main\btf002.jpeg,,7.5,,
Clear Quartz Butterfly,btf003,Carvings & Collectibles,Crystal Butterflies,,"Clear Quartz carved butterfly, approximately 4cm wingspan, displaying pristine crystal transparency with subtle internal inclusions.",Butterfly,1,7.5,2,images\main\btf003.jpeg,,7.5,,
Dream Amethyst Butterfly,btf004,Carvings & Collectibles,Crystal Butterflies,,"Dream Amethyst carved butterfly, approximately 4cm wingspan, featuring soft lavender and white chevron patterns with gentle purple hues.",Butterfly,1,7.5,2,images\main\btf004.jpeg,,7.5,,
Flower Agate Butterfly,btf005,Carvings & Collectibles,Crystal Butterflies,,"Flower Agate carved butterfly, approximately 4cm wingspan, showcasing beautiful chalcedony formations resembling delicate blooms within creamy translucent stone.",Butterfly,1,7.5,0,images\main\btf005.jpeg,,7.5,,
Fluorite Butterfly,btf006,Carvings & Collectibles,Crystal Butterflies,,"Fluorite carved butterfly, approximately 4cm wingspan, displaying vibrant color variations from clear to purple with natural crystal structure visible throughout.",Butterfly,1,7.5,4,images\main\btf006.jpeg,,7.5,,
Aventurine Butterfly,btf007,Carvings & Collectibles,Crystal Butterflies,,"Green Aventurine carved butterfly, approximately 4cm wingspan, featuring rich forest green coloration with subtle sparkly inclusions that catch the light.",Butterfly,1,7.5,2,images\main\btf007.jpeg,,7.5,,
Opalite Butterfly,btf008,Carvings & Collectibles,Crystal Butterflies,,"Opalite carved butterfly, approximately 4cm wingspan, showcasing milky translucent base with beautiful blue and orange opalescent flashes.",Butterfly,1,7.5,0,images\main\btf008.jpeg,,7.5,,
Lapis Lazuli Butterfly,btf009,Carvings & Collectibles,Crystal Butterflies,,"Lapis Lazuli carved butterfly, approximately 4cm wingspan, featuring deep royal blue coloration with golden pyrite flecks and white calcite veining.",Butterfly,1,7.5,3,images\main\btf009.jpeg,,7.5,,
Moss Agate Butterfly,btf010,Carvings & Collectibles,Crystal Butterflies,,"Moss Agate carved butterfly, approximately 4cm wingspan, displaying cream and white base with natural green dendritic inclusions resembling miniature landscapes.",Butterfly,1,7.5,0,images\main\btf010.jpeg,,7.5,,
Strawberry Butterfly,btf011,Carvings & Collectibles,Crystal Butterflies,,"Strawberry Quartz carved butterfly, approximately 4cm wingspan, featuring soft pink coloration with natural red and darker pink inclusions throughout.",Butterfly,1,7.5,0,images\main\btf011.jpeg,,7.5,,
Rose Quartz Butterfly,btf012,Carvings & Collectibles,Crystal Butterflies,,"Rose Quartz carved butterfly, approximately 4cm wingspan, featuring soft pink coloration with gentle translucent quality and smooth polished finish.",Butterfly,1,7.5,4,images\main\btf012.jpeg,,7.5,,
Silver Butterfly,btf013,Carvings & Collectibles,Crystal Butterflies,,"Silver Obsidian carved butterfly, approximately 4cm wingspan, featuring lustrous metallic silver surface with natural volcanic glass structure.",Butterfly,1,7.5,0,images\main\btf013.jpeg,,7.5,,Y
Tiger Eye Butterfly,btf014,Carvings & Collectibles,Crystal Butterflies,,"Tiger Eye carved butterfly, approximately 4cm wingspan, displaying golden-brown chatoyant bands with silky texture and natural banding patterns.",Butterfly,1,7.5,0,images\main\btf014.jpeg,,7.5,,
Howlite Heart,hrt001,Carvings & Collectibles,Crystal Hearts,,"Howlite Heart: Small hand-carved Howlite heart, white with grey veining and a polished finish.",Piece,1,2.5,2,images\main\hrt001.jpeg,,2.5,,
Rose Quartz Heart,hrt002,Carvings & Collectibles,Crystal Hearts,,"Rose Quartz Heart: Small hand-carved heart, featuring gentle pink hues and a glossy polish. ",Piece,1,2.5,2,images\main\hrt002.jpeg,,2.5,,
Tiger Eye Heart,hrt003,Carvings & Collectibles,Crystal Hearts,,"Tiger Eye Heart: Small hand-carved heart, showing golden-brown bands with a silky luster.",Piece,1,2.5,2,images\main\hrt003.jpeg,,2.5,,
Avetruine Heart (Green),hrt004,Carvings & Collectibles,Crystal Hearts,,"Aventurine Heart (Green): Small hand-carved heart, polished in soothing green shades. ",Piece,1,2.5,2,images\main\hrt004.jpeg,,2.5,,
Unakite Heart,hrt005,Carvings & Collectibles,Crystal Hearts,,"Unakite Heart: Small hand-carved heart, blending green and pink tones with a smooth finish.",Piece,1,2.5,2,images\main\hrt005.jpeg,,2.5,,
Clear Quartz Heart,hrt006,Carvings & Collectibles,Crystal Hearts,,"Clear Quartz Heart: Small hand-carved heart, bright and transparent with a polished surface. ",Piece,1,2.5,2,images\main\hrt006.jpeg,,2.5,,
Opalte Heart,hrt007,Carvings & Collectibles,Crystal Hearts,,"Opalite Heart: Small hand-carved heart, featuring a luminous, milky sheen.",Piece,1,2.5,2,images\main\hrt007.jpeg,,2.5,,
Dalmation Jasper Heart,hrt008,Carvings & Collectibles,Crystal Hearts,,"Dalmatian Jasper Heart: Small hand-carved heart, with cream and black spotted patterns.",Piece,1,2.5,2,images\main\hrt008.jpeg,,2.5,,
Africa Blood Heart,hrt009,Carvings & Collectibles,Crystal Hearts,,"African Bloodstone Heart: Small hand-carved heart, displaying deep green with red flecks.",Piece,1,2.5,2,images\main\hrt009.jpeg,,2.5,,
Obsidian Heart,hrt010,Carvings & Collectibles,Crystal Hearts,,"Obsidian Heart: Small hand-carved heart, polished to a glossy black finish. ",Piece,1,2.5,2,images\main\hrt010.jpeg,,2.5,,
Aventurine Heart (Blue),hrt011,Carvings & Collectibles,Crystal Hearts,,"Aventurine Heart (Blue): Small hand-carved heart, in cool blue tones with a smooth polish.",Piece,1,2.5,2,images\main\hrt011.jpeg,,2.5,,
Sodalite Heart,hrt012,Carvings & Collectibles,Crystal Hearts,,"Sodalite Heart: Small hand-carved heart, featuring blue and white marbled patterns.",Piece,1,2.5,2,images\main\hrt012.jpeg,,2.5,,
Dragon Blood Heart,hrt013,Carvings & Collectibles,Crystal Hearts,,"Dragon Blood Heart: Small hand-carved Dragon Blood Jasper heart, featuring green and red patterns.",Piece,1,2.5,2,images\main\hrt013.jpeg,,2.5,,
Moss Agate Heart,hrt014,Carvings & Collectibles,Crystal Hearts,,"Moss Agate Heart: Small hand-carved Moss Agate heart, with natural green inclusions and a polished surface.",Piece,1,2.5,2,images\main\hrt014.jpeg,,2.5,,
Amethyst Heart,hrt015,Carvings & Collectibles,Crystal Hearts,,"Amethyst Heart: Small hand-carved Amethyst heart, featuring rich purple color and a smooth, polished finish. ",Piece,1,2.5,2,images\main\hrt015.jpeg,,2.5,,
Dream Amethyst Heart,hrt016,Carvings & Collectibles,Crystal Hearts,,"Dream Amethyst Heart: Small hand-carved Dream Amethyst heart, displaying unique bands of purple and white. ",Piece,1,2.5,2,images\main\hrt016.jpeg,,2.5,,
Red Agate Heart,hrt017,Carvings & Collectibles,Crystal Hearts,,"Red Agate Heart: Small hand-carved Red Agate heart, polished to reveal warm red and orange tones.",Piece,1,2.5,2,images\main\hrt017.jpeg,,2.5,,
Strawberry Heart,hrt018,Carvings & Collectibles,Crystal Hearts,,"Small hand-carved Strawberry Quartz heart, polished to a smooth finish. ",Piece,1,2.5,2,images\main\hrt018.jpeg,,2.5,,
Red Obsidian Heart,hrt019,Carvings & Collectibles,Crystal Hearts,,"Red Obsidian Heart: Small hand-carved Red Obsidian heart, polished to reveal deep red volcanic glass with natural flow patterns and glossy finish.",Piece,1,2.5,2,images\main\hrt019.jpeg,,2.5,,
Aventurine Tower (Blue),mtr001,Carvings & Collectibles,Crystal Towers (Mini),,"Mini Blue Aventurine tower, 3 cm tall, featuring cool blue tones and a smooth polished finish.",Tower,1,3.5,3,images\main\mtr001.jpeg,,3.5,,
Blue Jasper Tower,mtr002,Carvings & Collectibles,Crystal Towers (Mini),,"Mini Blue Jasper tower, 3 cm tall, featuring deep blue tones and a smooth polished finish.",Tower,1,3.5,3,images\main\mtr002.jpeg,,3.5,,
Carnelian Agate Tower,mtr003,Carvings & Collectibles,Crystal Towers (Mini),,"Mini Carnelian Agate tower, 3 cm tall, showcasing warm orange and red hues with natural banding.",Tower,1,3.5,3,images\main\mtr003.jpeg,,3.5,,
Clear Quartz Tower,mtr004,Carvings & Collectibles,Crystal Towers (Mini),,"Mini Clear Quartz tower, 3 cm tall, offering bright, transparent clarity and a polished surface. ",Tower,1,3.5,3,images\main\mtr004.jpeg,,3.5,,
Dalmation Jasper Tower,mtr005,Carvings & Collectibles,Crystal Towers (Mini),,"Mini Dalmatian Jasper tower, 3 cm tall, with cream and black spotted patterns and a glossy finish. ",Tower,1,3.5,3,images\main\mtr005.jpeg,,3.5,,
Dragon Blood Tower,mtr006,Carvings & Collectibles,Crystal Towers (Mini),,"Mini Dragon Blood tower, 3 cm tall, featuring green and red patterns with a smooth polish.",Tower,1,3.5,3,images\main\mtr006.jpeg,,3.5,,
Dream Amethyst Tower,mtr007,Carvings & Collectibles,Crystal Towers (Mini),,"Mini Dream Amethyst tower, 3 cm tall, displaying bands of purple and white with a polished finish.",Tower,1,3.5,3,images\main\mtr007.jpeg,,3.5,,
Lapis Lazuli Tower (Dyed),mtr008,Carvings & Collectibles,Crystal Towers (Mini),,"Mini Lapis Lazuli tower (dyed), 3 cm tall, with rich blue color and flecks of gold.",Tower,1,3.5,3,images\main\mtr008.jpeg,,3.5,,
Aventurine Tower (Green),mtr009,Carvings & Collectibles,Crystal Towers (Mini),,"Mini Green Aventurine tower, 3 cm tall, featuring soft green shades and a smooth polish.",Tower,1,3.5,3,images\main\mtr009.jpeg,,3.5,,
Lavakite Tower,mtr010,Carvings & Collectibles,Crystal Towers (Mini),,"Mini Lavakite tower, 3 cm tall, with dark grey and black tones and a polished surface.",Tower,1,3.5,3,images\main\mtr010.jpeg,,3.5,,
Lepidolite Tower,mtr011,Carvings & Collectibles,Crystal Towers (Mini),,"Mini Lepidolite tower, 3 cm tall, featuring soft purple tones and a smooth polished finish. ",Tower,1,3.5,3,images\main\mtr011.jpeg,,3.5,,
Malachite Tower (Synthetic),mtr012,Carvings & Collectibles,Crystal Towers (Mini),,"Mini Malachite tower (synthetic), 3 cm tall, displaying vibrant green colors with striking banded patterns.",Tower,1,3.5,3,images\main\mtr012.jpeg,,3.5,,
Turquoise Tower (Synthetic),mtr013,Carvings & Collectibles,Crystal Towers (Mini),,"Mini Turquoise tower (synthetic), 3 cm tall, with bright blue-green color and a polished surface.",Tower,1,3.5,3,images\main\mtr013.jpeg,,3.5,,
Obsidian Tower,mtr014,Carvings & Collectibles,Crystal Towers (Mini),,"Mini Obsidian tower, 3 cm tall, featuring a deep black color and a glossy polished finish.",Tower,1,3.5,3,images\main\mtr014.jpeg,,3.5,,
Red Jasper Tower,mtr015,Carvings & Collectibles,Crystal Towers (Mini),,"Mini Red Jasper tower, 3 cm tall, with rich red tones and natural earthy patterns.",Tower,1,3.5,3,images\main\mtr015.jpeg,,3.5,,
Rhodonite Tower,mtr016,Carvings & Collectibles,Crystal Towers (Mini),,"Mini Rhodonite tower, 3 cm tall, featuring pink and black tones with a smooth polished finish.",Tower,1,3.5,3,images\main\mtr016.jpeg,,3.5,,
Rose Quartz Tower,mtr017,Carvings & Collectibles,Crystal Towers (Mini),,"Mini Rose Quartz tower, 3 cm tall, with gentle pink hues and a glossy surface.",Tower,1,3.5,3,images\main\mtr017.jpeg,,3.5,,
Topaz Tower,mtr018,Carvings & Collectibles,Crystal Towers (Mini),,"Mini Topaz tower, 3 cm tall, featuring light golden tones and a smooth polished finish.",Tower,1,3.5,3,images\main\mtr018.jpeg,,3.5,,
Unakite Tower,mtr019,Carvings & Collectibles,Crystal Towers (Mini),,"Mini Unakite tower, 3 cm tall, with a blend of green and pink colors and a glossy surface.",Tower,1,3.5,3,images\main\mtr019.jpeg,,3.5,,
Clear Quartz Tree,mgt001,Carvings & Collectibles,Gem Tree (5-7cm),,"Clear Quartz: Small gem tree, 5–7 cm tall, featuring clear quartz chip leaves on wire branches and a matching clear quartz base.",Tree,1,10,2,images\main\mgt001.jpeg,,10,,
Amethyst Tree,mgt002,Carvings & Collectibles,Gem Tree (5-7cm),,"Amethyst: Small gem tree, 5–7 cm tall, with vibrant purple amethyst chip leaves on wire branches and an amethyst base.",Tree,1,10,2,images\main\mgt002.jpeg,,10,,
Aventurine Tree (Green),mgt003,Carvings & Collectibles,Gem Tree (5-7cm),,"Green Aventurine: Small gem tree, 5–7 cm tall, adorned with green aventurine chip leaves on wire branches and a matching base.",Tree,1,10,2,images\main\mgt003.jpeg,,10,,
Fluorite Tree,mgt004,Carvings & Collectibles,Gem Tree (5-7cm),,"Fluorite: Small gem tree, 5–7 cm tall, with multicolored fluorite chip leaves on wire branches and a fluorite base.",Tree,1,10,2,images\main\mgt004.jpeg,,10,,
Red Jasper Tree,mgt005,Carvings & Collectibles,Gem Tree (5-7cm),,"Red Jasper: Small gem tree, 5–7 cm tall, featuring deep red jasper chip leaves on wire branches and a red jasper base.",Tree,1,10,2,images\main\mgt005.jpeg,,10,,
Tiger Eye Tree,mgt006,Carvings & Collectibles,Gem Tree (5-7cm),,"Tiger Eye: Small gem tree, 5–7 cm tall, showcasing golden-brown tiger eye chip leaves on wire branches and a tiger eye base.",Tree,1,10,2,images\main\mgt006.jpeg,,10,,
Strawberry Tree,mgt007,Carvings & Collectibles,Gem Tree (5-7cm),,"Strawberry Quartz: Small gem tree, 5–7 cm tall, with soft pink strawberry quartz chip leaves on wire branches and a matching base.",Tree,1,10,2,images\main\mgt007.jpeg,,10,,
Rose Quartz Tree,mgt008,Carvings & Collectibles,Gem Tree (5-7cm),,"Rose Quartz: Small gem tree, 5–7 cm tall, featuring soft pink rose quartz chip leaves on wire branches and a matching rose quartz base.",Tree,1,10,2,images\main\mgt008.jpeg,,10,,
Lapis Lazuli Tree,mgt009,Carvings & Collectibles,Gem Tree (5-7cm),,"Lapis Lazuli: Small gem tree, 5–7 cm tall, with deep blue lapis lazuli chip leaves on wire branches and a lapis base.",Tree,1,10,2,images\main\mgt009.jpeg,,10,,
Carnelian Agate Tree,mgt010,Carvings & Collectibles,Gem Tree (5-7cm),,"Carnelian Agate: Small gem tree, 5–7 cm tall, featuring warm orange carnelian agate chip leaves on wire branches and a matching carnelian base.",Tree,1,10,2,images\main\mgt010.jpeg,,10,,
Labradorite Tree,mgt011,Carvings & Collectibles,Gem Tree (5-7cm),,"Labradorite: Small gem tree, 5–7 cm tall, with labradorite chip leaves on wire branches and a labradorite base. Iridescent and unique, a captivating accent for your decor or collection.",Tree,1,10,2,images\main\mgt011.jpeg,,10,,
Quartz Tumbles (Small),tmb001,Tumbles,Clear Quartz,,"100g bag of Quartz tumbles, ranging from milky white to clear. Perfect for collectors and craft enthusiasts.",g,100,0.08,9,images\main\other-quartz-tumbles.jpeg,,8,,
Amethyst Tumbles (Small),tmb002,Tumbles,Amethyst,,"100g bag of Amethyst tumbles, showcasing beautiful purple hues from pale lilac to deep violet. Ideal for display collections and wire-wrapping projects.",g,100,0.1,9,images\main\other-amethyst-tumbles.jpeg,,10,,
Agate Tumbles (Small),tmb003,Tumbles,Agate,,"Colourful Agate tumbles available in 100g bags, displaying natural banded patterns in earthy tones and vibrant colors. Great for jewelry making and decorative arts.",g,100,0.125,9,images\main\other-agate-tumbles.jpeg,,12.5,,
Aventurine Tumbles (Green),tmb004,Tumbles,Aventurine,,"100g bag of Green Aventurine tumbles (approximately 5 pieces), featuring a beautiful soft green color with subtle sparkly inclusions.",g,100,0.1,1,images\main\tmb004.jpeg,,10,,
Amethyst Tumbles,tmb005,Tumbles,Amethyst,,"100g bag of light Amethyst tumbles (approximately 5 pieces), featuring delicate pale purple tones.",g,100,0.1,1,images\main\tmb005.jpeg,,10,,
Fire Quartz Tumbles,tmb006,Tumbles,Fire Quartz,,"100g bag of Fire Quartz tumbles (approximately 5 pieces), featuring striking red and orange inclusions within clear quartz.",g,100,0.1,1,images\main\tmb006.jpeg,,10,,
Aventurine Tumbles (Blue),tmb007,Tumbles,Aventurine,,"100g bag of Blue Aventurine tumbles (approximately 5 pieces), featuring a beautiful blue color with subtle sparkly inclusions. ",g,100,0.1,1,images\main\tmb007.jpeg,,10,,
Obsidian Tumbles,tmb008,Tumbles,Obsidian,,"100g bag of Obsidian tumbles (approximately 5 pieces), featuring glossy black volcanic glass with a smooth polished finish.",g,100,0.1,1,images\main\tmb008.jpeg,,10,,
Mookite Tumbles,tmb009,Tumbles,Mookite,,"100g bag of Mookite tumbles (approximately 5 pieces), featuring beautiful earthy tones of red, yellow, and cream with natural banded patterns.",g,100,0.1,1,images\main\tmb009.jpeg,,10,,
Crazy Lace Agate Tumbles,tmb010,Tumbles,Agate,,"100g bag of Crazy Lace Agate tumbles (approximately 5 pieces), showcasing intricate swirling patterns in shades of cream, red, and gold.",g,100,0.1,1,images\main\tmb010.jpeg,,10,,
Red Jasper Tumbles,tmb011,Tumbles,Jasper,,"100g bag of Red Jasper tumbles (approximately 5 pieces), displaying rich red tones with natural patterns.",g,100,0.1,1,images\main\tmb011.jpeg,,10,,
Citrine Tumbles,tmb012,Tumbles,Citrine,,"100g bag of Citrine tumbles (approximately 5 pieces), featuring warm golden-yellow tones with natural clarity and shine. ",g,100,0.1,1,images\main\tmb012.jpeg,,10,,
Cherry Agate Tumbles,tmb013,Tumbles,Agate,,"100g bag of Cherry Agate tumbles (approximately 5 pieces), displaying soft pink and red hues with unique natural banding.",g,100,0.1,1,images\main\tmb013.jpeg,,10,,
Mexican Agate Tumbles,tmb014,Tumbles,Agate,,"100g bag of Mexican Agate tumbles (approximately 5 pieces), offering a mix of earthy colors and distinctive banded patterns.",g,100,0.1,1,images\main\tmb014.jpeg,,10,,
Prehnite Tumbles,tmb015,Tumbles,Prehnite,,"100g bag of Prehnite tumbles (approximately 5 pieces), featuring soft green tones and a smooth, polished finish. ",g,100,0.1,1,images\main\tmb015.jpeg,,10,,
Malachite Tumbles,tmb016,Tumbles,Malachite,,"100g bag of Malachite tumbles (approximately 5 pieces), displaying vibrant green colors with striking natural banding. ",g,100,0.2,1,images\main\tmb016.jpeg,,20,,
Amazonite Tumbles,tmb017,Tumbles,Amazonite,,"100g bag of Amazonite tumbles (approximately 5 pieces), featuring soothing blue-green shades and a smooth polish.",g,100,0.1,1,images\main\tmb017.jpeg,,10,,
Smoky Quartz Tumbles,tmb018,Tumbles,Smoky Quartz,,"100g bag of Smoky Quartz tumbles (approximately 5 pieces), showing translucent brown to grey tones with a glossy finish.",g,100,0.125,1,images\main\tmb018.jpeg,,12.5,,
Quartz Tumbles,tmb019,Tumbles,Clear Quartz,,"100g bag of Clear Quartz tumbles (approximately 5 pieces), offering bright, transparent stones with a clean, polished look.",g,100,0.1,1,images\main\tmb019.jpeg,,10,,
Rose Quartz Tumbles,tmb020,Tumbles,Rose Quartz,,"100g bag of Rose Quartz tumbles (approximately 5 pieces), featuring soft pink tones and a gentle, polished finish.",g,100,0.1,1,images\main\tmb020.jpeg,,10,,
Tiger Eye Tumbles,tmb021,Tumbles,Tiger Eye,,"100g bag of Tiger Eye tumbles (approximately 5 pieces), displaying golden-brown bands with a silky luster.",g,100,0.1,1,images\main\tmb021.jpeg,,10,,
Aventurine Single (Green),tbs001,Tumbles,Aventurine,,"Single Green Aventurine tumble, selected at random, averaging 15–20g each. Features gentle green hues and a smooth, polished surface.",Piece,1,3,5,images\main\tbs001.jpeg,,3,,
Amethyst Single ,tbs002,Tumbles,Amethyst,,"Single Amethyst tumble, selected at random, averaging 15–20g each. Features rich purple color and a smooth, polished finish.",Piece,1,3,5,images\main\tbs002.jpeg,,3,,
Fire Quartz Single ,tbs003,Tumbles,Fire Quartz,,"Single Fire Quartz tumble, selected at random, averaging 15–20g each. Features striking red and clear patterns with a polished finish.",Piece,1,3,5,images\main\tbs003.jpeg,,3,,
Aventurine Single (Blue),tbs004,Tumbles,Aventurine,,"Single Blue Aventurine tumble, selected at random, averaging 15–20g each. Features cool blue tones and a smooth, polished surface.",Piece,1,3,5,images\main\tbs004.jpeg,,3,,
Obsidian Single ,tbs005,Tumbles,Obsidian,,"Single Obsidian tumble, selected at random, averaging 15–20g each. Features a deep black color and a glossy, polished finish.",Piece,1,3,5,images\main\tbs005.jpeg,,3,,
Mookite Single ,tbs006,Tumbles,Mookite,,"Single Mookite tumble, selected at random, averaging 15–20g each. Features earthy tones of red, yellow, and cream with natural banded patterns.",Piece,1,3,5,images\main\tbs006.jpeg,,3,,
Crazy Lace Agate Single ,tbs007,Tumbles,Agate,,"Single Crazy Lace Agate tumble, selected at random, averaging 15–20g each. Features intricate swirling patterns in shades of cream, red, and gold.",Piece,1,3,5,images\main\tbs007.jpeg,,3,,
Red Jasper Single ,tbs008,Tumbles,Jasper,,"Single Red Jasper tumble, selected at random, averaging 15–20g each. Features deep red tones with natural earthy patterns.",Piece,1,3,5,images\main\tbs008.jpeg,,3,,
Citrine Single ,tbs009,Tumbles,Citrine,,"Single Citrine tumble, selected at random, averaging 15–20g each. Features warm golden-yellow tones and a polished finish.",Piece,1,3,5,images\main\tbs009.jpeg,,3,,
Cherry Agate Single ,tbs010,Tumbles,Agate,,"Single Cherry Agate tumble, selected at random, averaging 15–20g each. Features soft pink and red hues with unique natural banding.",Piece,1,3,5,images\main\tbs010.jpeg,,3,,
Mexican Agate Single ,tbs011,Tumbles,Agate,,"Single Mexican Agate tumble, selected at random, averaging 15–20g each. Features a mix of earthy colors and distinctive banded patterns.",Piece,1,3,5,images\main\tbs011.jpeg,,3,,
Prehnite Single ,tbs012,Tumbles,Prehnite,,"Single Prehnite tumble, selected at random, averaging 15–20g each. Features soft green tones and a smooth, polished finish.",Piece,1,3,5,images\main\tbs012.jpeg,,3,,
Malachite Single ,tbs013,Tumbles,Malachite,,"Single Malachite tumble, selected at random, averaging 15–20g each. Features vibrant green colors with striking banding.",Piece,1,5,5,images\main\tbs013.jpeg,,5,,
Amazonite Single ,tbs014,Tumbles,Amazonite,,"Single Amazonite tumble, selected at random, averaging 15–20g each. Features soothing blue-green shades and a smooth polish.",Piece,1,3,5,images\main\tbs014.jpeg,,3,,
Smoky Quartz Single ,tbs015,Tumbles,Smoky Quartz,,"Single Smoky Quartz tumble, selected at random, averaging 15–20g each. Features translucent brown to grey tones with a glossy finish.",Piece,1,3,5,images\main\tbs015.jpeg,,3,,
Quartz Tumbles,tbs016,Tumbles,Clear Quartz,,"Single Clear Quartz tumble, selected at random, averaging 15–20g each. Features bright, transparent stones with a clean, polished look.",Piece,1,3,5,images\main\tbs016.jpeg,,3,Y,
Rose Quartz Tumbles,tbs017,Tumbles,Rose Quartz,,"Single Rose Quartz tumble, selected at random, averaging 15–20g each. Features soft pink tones and a gentle, polished finish.",Piece,1,3,5,images\main\tbs017.jpeg,,3,,
Tiger Eye Tumbles,tbs018,Tumbles,Tiger Eye,,"Single Tiger Eye tumble, selected at random, averaging 15–20g each. Features golden-brown bands with a silky luster.",Piece,1,3,5,images\main\tbs018.jpeg,,3,,
Rainforest Jasper Slab,rfj001,Slabs,Rainforest Jasper,130 x 90 x 10mm,"Rainforest Jasper slab, unpolished and ideal for lapidary work. Features vibrant green and brown patterns with orbicular markings.",Slab,1,12.5,1,images\main\rfj001.jpeg,images\main\rfj001-2.jpeg,12.5,,
Rainforest Jasper Slab,rfj002,Slabs,Rainforest Jasper,130 x 80 x 9mm,"Rainforest Jasper slab, unpolished and ideal for lapidary work. Features vibrant green and brown patterns with orbicular markings.",Slab,1,12.5,1,images\main\rfj002.jpeg,images\main\rfj002-2.jpeg,12.5,,
Rainforest Jasper Slab,rfj003,Slabs,Rainforest Jasper,130 x 85 x 9mm,"Rainforest Jasper slab, unpolished and ideal for lapidary work. Features vibrant green and brown patterns with orbicular markings.",Slab,1,12.5,1,images\main\rfj003.jpeg,images\main\rfj003-2.jpeg,12.5,,
Rainforest Jasper Slab,rfj004,Slabs,Rainforest Jasper,100 x 105 x 10mm,"Rainforest Jasper slab, unpolished and ideal for lapidary work. Features vibrant green and brown patterns with orbicular markings.",Slab,1,12.5,1,images\main\rfj004.jpeg,images\main\rfj004-2jpeg,12.5,,
Rainforest Jasper Slab,rfj005,Slabs,Rainforest Jasper,125 x 85 x 10mm,"Rainforest Jasper slab, unpolished and ideal for lapidary work. Features vibrant green and brown patterns with orbicular markings.",Slab,1,12.5,1,images\main\rfj005.jpeg,images\main\rfj005-2.jpeg,12.5,,
Bumblebee Jasper Slab,bbj002,Slabs,Bumblebee Jasper,50 x 110 x 10mm,"Bumblebee Jasper slab, unpolished and ideal for lapidary work. Displays bold yellow, orange, and black banding.",Slab,1,10,1,images\main\bbj002.jpeg,images\main\bbj002-2.jpeg,10,,
Bumblebee Jasper Slab,bbj003,Slabs,Bumblebee Jasper,55 x 100 x 6mm,"Bumblebee Jasper slab, unpolished and ideal for lapidary work. Displays bold yellow, orange, and black banding.",Slab,1,10,1,images\main\bbj003.jpeg,images\main\bbj003-2.jpeg,10,,
Bumblebee Jasper Slab,bbj004,Slabs,Bumblebee Jasper,83 x 53 x 9mm,"Bumblebee Jasper slab, unpolished and ideal for lapidary work. Displays bold yellow, orange, and black banding.",Slab,1,10,1,images\main\bbj004.jpeg,images\main\bbj004-2.jpeg,10,,Y
Bumblebee Jasper Slab,bbj005,Slabs,Bumblebee Jasper,95 x 57 x 8mm,"Bumblebee Jasper slab, unpolished and ideal for lapidary work. Displays bold yellow, orange, and black banding.",Slab,1,10,1,images\main\bbj005.jpeg,images\main\bbj005-2.jpeg,10,,
Bumblebee Jasper Slab,bbj006,Slabs,Bumblebee Jasper,93 x 42 x 10mm,"Bumblebee Jasper slab, unpolished and ideal for lapidary work. Displays bold yellow, orange, and black banding—perfect for cutting, cabbing, or custom projects.",Slab,1,10,1,images\main\bbj006.jpeg,images\main\bbj006-2.jpeg,10,,
Bumblebee Jasper Slab,bbj007,Slabs,Bumblebee Jasper,102 x 47 x 9mm,"Bumblebee Jasper slab, unpolished and ideal for lapidary work. Displays bold yellow, orange, and black banding—perfect for cutting, cabbing, or custom projects.",Slab,1,10,1,images\main\bbj007.jpeg,images\main\bbj007-2.jpeg,10,,
Bumblebee Jasper Slab,bbj008,Slabs,Bumblebee Jasper,90 x 32 x 8mm,"Bumblebee Jasper slab, unpolished and ideal for lapidary work. Displays bold yellow, orange, and black banding—perfect for cutting, cabbing, or custom projects.",Slab,1,7.5,1,images\main\bbj008.jpeg,images\main\bbj008-2.jpeg,7.5,,
Bumblebee Jasper Slab,bbj009,Slabs,Bumblebee Jasper,86 x 51 x 9mm,"Bumblebee Jasper slab, unpolished and ideal for lapidary work. Displays bold yellow, orange, and black banding—perfect for cutting, cabbing, or custom projects.",Slab,1,7.5,1,images\main\bbj009.jpeg,images\main\bbj009-2.jpeg,7.5,,
Bumblebee Jasper Slab,bbj010,Slabs,Bumblebee Jasper,100 x 54 x 8mm,"Bumblebee Jasper slab, unpolished and ideal for lapidary work. Displays bold yellow, orange, and black banding—perfect for cutting, cabbing, or custom projects.",Slab,1,10,1,images\main\bbj010.jpeg,images\main\bbj010-2.jpeg,10,,
Crazy Lace Agate Slab,cla001,Slabs,Crazy Lace Agate,115 x 78 x 6mm,"Crazy Lace Agate slab, unpolished and ideal for lapidary work. Features intricate natural patterns and colorful banding.",Slab,1,10,1,images\main\cla001.jpeg,images\main\cla001-2.jpeg,10,,
Crazy Lace Agate Slab,cla002,Slabs,Crazy Lace Agate,107 x 68 x 13mm,"Crazy Lace Agate slab, unpolished and ideal for lapidary work. Features intricate natural patterns and colorful banding.",Slab,1,10,1,images\main\cla002.jpeg,images\main\cla002-2.jpeg,10,,
Crazy Lace Agate Slab,cla003,Slabs,Crazy Lace Agate,108 x 77 x 10mm,"Crazy Lace Agate slab, unpolished and ideal for lapidary work. Features intricate natural patterns and colorful banding.",Slab,1,10,1,images\main\cla003.jpeg,images\main\cla003-2.jpeg,10,,
Crazy Lace Agate Slab,cla004,Slabs,Crazy Lace Agate,53 x 40 x 11mm,"Crazy Lace Agate slab, unpolished and ideal for lapidary work. Features intricate natural patterns and colorful banding.",Slab,1,10,1,images\main\cla001.jpeg,images\main\cla001-2.jpeg,10,,
Crazy Lace Agate Slab,cla005,Slabs,Crazy Lace Agate,65 x 60 x 10mm,"Crazy Lace Agate slab, unpolished and ideal for lapidary work. Features intricate natural patterns and colorful banding.",Slab,1,10,1,images\main\cla002.jpeg,images\main\cla002-2.jpeg,10,,
Crazy Lace Agate Slab,cla006,Slabs,Crazy Lace Agate,66 x 63 x 9mm,"Crazy Lace Agate slab, unpolished and ideal for lapidary work. Features intricate natural patterns and colorful banding.",Slab,1,10,1,images\main\cla003.jpeg,images\main\cla003-2.jpeg,10,,Y
Moss Agate Slab,msa001,Slabs,Moss Agate,109 x 67 x 8mm,"Moss Agate slab, unpolished and ideal for lapidary work. Features natural green moss-like inclusions in translucent stone.",Slab,1,10,1,images\main\msa001.jpeg,images\main\msa001-2.jpeg,10,,
Moss Agate Slab,msa002,Slabs,Moss Agate,126 x 62 x 7mm,"Moss Agate slab, unpolished and ideal for lapidary work. Features natural green moss-like inclusions in translucent stone.",Slab,1,10,1,images\main\msa002.jpeg,images\main\msa002-2.jpeg,10,,
Moss Agate Slab,msa003,Slabs,Moss Agate,136 x 61 x 8mm,"Moss Agate slab, unpolished and ideal for lapidary work. Features natural green moss-like inclusions in translucent stone.",Slab,1,10,1,images\main\msa003.jpeg,images\main\msa003-2.jpeg,10,,
Moss Agate Slab,msa004,Slabs,Moss Agate,143 x 70 x 9mm,"Moss Agate slab, unpolished and ideal for lapidary work. Features natural green moss-like inclusions in translucent stone.",Slab,1,10,1,images\main\msa004.jpeg,images\main\msa004-2.jpeg,10,,
Moss Agate Slab,msa005,Slabs,Moss Agate,139 x 65 x 8mm,"Moss Agate slab, unpolished and ideal for lapidary work. Features natural green moss-like inclusions in translucent stone.",Slab,1,10,1,images\main\msa005.jpeg,images\main\msa005-2.jpeg,10,,
Moss Agate Slab,msa006,Slabs,Moss Agate,142 x 70 x 8mm,"Moss Agate slab, unpolished and ideal for lapidary work. Features natural green moss-like inclusions in translucent stone.",Slab,1,10,1,images\main\msa006.jpeg,images\main\msa006-2.jpeg,10,,
Moss Agate Slab,msa007,Slabs,Moss Agate,131 x 62 x 8mm,"Moss Agate slab, unpolished and ideal for lapidary work. Features natural green moss-like inclusions in translucent stone.",Slab,1,10,1,images\main\msa007.jpeg,images\main\msa007-2.jpeg,10,,
Moss Agate Slab,msa008,Slabs,Moss Agate,141 x 70 x 8mm,"Moss Agate slab, unpolished and ideal for lapidary work. Features natural green moss-like inclusions in translucent stone.",Slab,1,10,1,images\main\msa008.jpeg,images\main\msa008-2.jpeg,10,,
Moss Agate Slab,msa009,Slabs,Moss Agate,141 x 85 x 9mm,"Moss Agate slab, unpolished and ideal for lapidary work. Features natural green moss-like inclusions in translucent stone.",Slab,1,10,1,images\main\msa009.jpeg,images\main\msa009-2.jpeg,10,,
Moss Agate Slab,msa010,Slabs,Moss Agate,134 x 82 x 9mm,"Moss Agate slab, unpolished and ideal for lapidary work. Features natural green moss-like inclusions in translucent stone.",Slab,1,10,1,images\main\msa010.jpeg,images\main\msa010-2.jpeg,10,,
Moss Agate Slab,msa011,Slabs,Moss Agate,92 x 63 x 8mm,"Moss Agate slab, unpolished and ideal for lapidary work. Features natural green moss-like inclusions in translucent stone.",Slab,1,10,1,images\main\msa006.jpeg,images\main\msa006-2.jpeg,10,,
Moss Agate Slab,msa012,Slabs,Moss Agate,144 x 73 x 8mm,"Moss Agate slab, unpolished and ideal for lapidary work. Features natural green moss-like inclusions in translucent stone.",Slab,1,10,1,images\main\msa007.jpeg,images\main\msa007-2.jpeg,10,,
Moss Agate Slab,msa013,Slabs,Moss Agate,110 x 65 x 7mm,"Moss Agate slab, unpolished and ideal for lapidary work. Features natural green moss-like inclusions in translucent stone.",Slab,1,10,1,images\main\msa008.jpeg,images\main\msa008-2.jpeg,10,,
Moss Agate Slab,msa014,Slabs,Moss Agate,95 x 63 x 7mm,"Moss Agate slab, unpolished and ideal for lapidary work. Features natural green moss-like inclusions in translucent stone.",Slab,1,10,1,images\main\msa009.jpeg,images\main\msa009-2.jpeg,10,,
Moss Agate Slab,msa015,Slabs,Moss Agate,83 x 63 x 7mm,"Moss Agate slab, unpolished and ideal for lapidary work. Features natural green moss-like inclusions in translucent stone.",Slab,1,10,1,images\main\msa010.jpeg,images\main\msa010-2.jpeg,10,,
Moroccan Agate Slab,mag001,Slabs,Moroccan Agate,105 x 55 x 8mm,"Moroccan Agate slab, unpolished and ideal for lapidary work. Displays vibrant natural banding and color variations.",Slab,1,7.5,1,images\main\mag001.jpeg,images\main\mag001-2.jpeg,7.5,,
Moroccan Agate Slab,mag002,Slabs,Moroccan Agate,90 x 58 x 10mm,"Moroccan Agate slab, unpolished and ideal for lapidary work. Displays vibrant natural banding and color variations.",Slab,1,7.5,1,images\main\mag002.jpeg,images\main\mag002-2.jpeg,7.5,,
Moroccan Agate Slab,mag003,Slabs,Moroccan Agate,82 x 56 x 9mm,"Moroccan Agate slab, unpolished and ideal for lapidary work. Displays vibrant natural banding and color variations.",Slab,1,7.5,1,images\main\mag003.jpeg,images\main\mag003-2.jpeg,7.5,,
Moroccan Agate Slab,mag004,Slabs,Moroccan Agate,105 x 65 x 10mm,"Moroccan Agate slab, unpolished and ideal for lapidary work. Displays vibrant natural banding and color variations.",Slab,1,7.5,1,images\main\mag004.jpeg,images\main\mag004-2.jpeg,7.5,,Y
Moroccan Agate Slab,mag005,Slabs,Moroccan Agate,104 x 61 x 8mm,"Moroccan Agate slab, unpolished and ideal for lapidary work. Displays vibrant natural banding and color variations.",Slab,1,7.5,1,images\main\mag005.jpeg,images\main\mag005-2.jpeg,7.5,,
Moroccan Agate Slab,mag006,Slabs,Moroccan Agate,124 x 56 x 8mm,"Moroccan Agate slab, unpolished and ideal for lapidary work. Displays vibrant natural banding and color variations.",Slab,1,10,1,images\main\mag006.jpeg,images\main\mag006-2.jpeg,10,,
Moroccan Agate Slab,mag007,Slabs,Moroccan Agate,117 x 47 x 10mm,"Moroccan Agate slab, unpolished and ideal for lapidary work. Displays vibrant natural banding and color variations.",Slab,1,10,1,images\main\mag007.jpeg,images\main\mag007-2.jpeg,10,,
Rainforest Jasper Slab,rfj006,Slabs,Rainforest Jasper,85 x 59 x 13mm,"Rainforest Jasper slab, unpolished and ideal for lapidary work. Features vibrant green and brown patterns with orbicular markings.",Slab,1,7.5,1,images\main\rfj006.jpeg,images\main\rfj006-2.jpeg,7.5,,
Rainforest Jasper Slab,rfj007,Slabs,Rainforest Jasper,83 x 83 x 10mm,"Rainforest Jasper slab, unpolished and ideal for lapidary work. Features vibrant green and brown patterns with orbicular markings.",Slab,1,7.5,1,images\main\rfj007.jpeg,images\main\rfj007-2.jpeg,7.5,,
Rainforest Jasper Slab,rfj008,Slabs,Rainforest Jasper,93 x 71 x 11mm,"Rainforest Jasper slab, unpolished and ideal for lapidary work. Features vibrant green and brown patterns with orbicular markings.",Slab,1,7.5,1,images\main\rfj008.jpeg,images\main\rfj008-2.jpeg,7.5,,
Rainforest Jasper Slab,rfj009,Slabs,Rainforest Jasper,92 x 58 x 8mm,"Rainforest Jasper slab, unpolished and ideal for lapidary work. Features vibrant green and brown patterns with orbicular markings.",Slab,1,7.5,1,images\main\rfj009.jpeg,images\main\rfj009-2.jpeg,7.5,,
Rainforest Jasper Slab,rfj010,Slabs,Rainforest Jasper,94 x 53 x 9mm,"Rainforest Jasper slab, unpolished and ideal for lapidary work. Features vibrant green and brown patterns with orbicular markings.",Slab,1,7.5,1,images\main\rfj010.jpeg,images\main\rfj010-2.jpeg,7.5,,
Petrified Wood Slab,pwd001,Slabs,Petrified Wood,133 x 66 x 8mm,"Petrified Wood slab, unpolished and ideal for lapidary work. Features stunning fossilized wood grain patterns with rich earth tones and natural mineral formations.",Slab,1,10,1,images\main\pwd001.jpeg,images\main\pwd001-2.jpeg,10,,
Petrified Wood Slab,pwd002,Slabs,Petrified Wood,132 x 66 x 8mm,"Petrified Wood slab, unpolished and ideal for lapidary work. Features stunning fossilized wood grain patterns with rich earth tones and natural mineral formations.",Slab,1,10,1,images\main\pwd002.jpeg,images\main\pwd002-2.jpeg,10,,
Petrified Wood Slab,pwd003,Slabs,Petrified Wood,135 x 67 x 8mm,"Petrified Wood slab, unpolished and ideal for lapidary work. Features stunning fossilized wood grain patterns with rich earth tones and natural mineral formations.",Slab,1,10,1,images\main\pwd003.jpeg,images\main\pwd003-2.jpeg,10,,
Petrified Wood Slab,pwd004,Slabs,Petrified Wood,136 x 65 x 9mm,"Petrified Wood slab, unpolished and ideal for lapidary work. Features stunning fossilized wood grain patterns with rich earth tones and natural mineral formations.",Slab,1,10,1,images\main\pwd004.jpeg,images\main\pwd004-2.jpeg,10,,
Petrified Wood Slab,pwd005,Slabs,Petrified Wood,130 x 45 x 10mm,"Petrified Wood slab, unpolished and ideal for lapidary work. Features stunning fossilized wood grain patterns with rich earth tones and natural mineral formations.",Slab,1,10,1,images\main\pwd005.jpeg,images\main\pwd005-2.jpeg,10,,
Petrified Wood Slab,pwd006,Slabs,Petrified Wood,133 x 43 x 22mm,"Petrified Wood slab, unpolished and ideal for lapidary work. Features stunning fossilized wood grain patterns with rich earth tones and natural mineral formations.",Slab,1,15,1,images\main\pwd006.jpeg,images\main\pwd006-2.jpeg,15,,
Petrified Wood Slab,pwd007,Slabs,Petrified Wood,120 x 44 x 9mm,"Petrified Wood slab, unpolished and ideal for lapidary work. Features stunning fossilized wood grain patterns with rich earth tones and natural mineral formations.",Slab,1,10,1,images\main\pwd007.jpeg,images\main\pwd007-2.jpeg,10,,
Petrified Wood Slab,pwd008,Slabs,Petrified Wood,122 x 50 x 9mm,"Petrified Wood slab, unpolished and ideal for lapidary work. Features stunning fossilized wood grain patterns with rich earth tones and natural mineral formations.",Slab,1,10,1,images\main\pwd008.jpeg,images\main\pwd008-2.jpeg,10,,
Petrified Wood Slab,pwd009,Slabs,Petrified Wood,102 x 78 x 8mm,"Petrified Wood slab, unpolished and ideal for lapidary work. Features stunning fossilized wood grain patterns with rich earth tones and natural mineral formations.",Slab,1,10,1,images\main\pwd009.jpeg,images\main\pwd009-2.jpeg,10,,
Petrified Wood Slab,pwd010,Slabs,Petrified Wood,101 x 90 x 7mm,"Petrified Wood slab, unpolished and ideal for lapidary work. Features stunning fossilized wood grain patterns with rich earth tones and natural mineral formations.",Slab,1,10,1,images\main\pwd010.jpeg,images\main\pwd010-2.jpeg,10,,
Petrified Wood Slab,pwd011,Slabs,Petrified Wood,167 x 73 x 18mm,"Petrified Wood slab, unpolished and ideal for lapidary work. Features stunning fossilized wood grain patterns with rich earth tones and natural mineral formations.",Slab,1,40,1,images\main\pwd011.jpeg,images\main\pwd011-2.jpeg,40,,
Cubic Zirconia Rough - Champagne,cz001,Faceting Rough,Synthetic CZ,,"Champagne Cubic Zirconia rough - available in multiple sizes, featuring a warm, light golden color with excellent clarity. Ideal for faceting and lapidary projects.",ct,395,0.1,1,images\main\CZ-Champagne.jpeg,,39.5,,
Cubic Zirconia Rough - Champagne,cz001,Faceting Rough,Synthetic CZ,,"Champagne Cubic Zirconia rough - available in multiple sizes, featuring a warm, light golden color with excellent clarity. Ideal for faceting and lapidary projects.",ct,234,0.1,1,images\main\CZ-Champagne.jpeg,,23.4,,
Cubic Zirconia Rough - Champagne,cz001,Faceting Rough,Synthetic CZ,,"Champagne Cubic Zirconia rough - available in multiple sizes, featuring a warm, light golden color with excellent clarity. Ideal for faceting and lapidary projects.",ct,60,0.1,1,images\main\CZ-Champagne.jpeg,,6,,
Cubic Zirconia Rough - Champagne,cz001,Faceting Rough,Synthetic CZ,,"Champagne Cubic Zirconia rough - available in multiple sizes, featuring a warm, light golden color with excellent clarity. Ideal for faceting and lapidary projects.",ct,40,0.1,1,images\main\CZ-Champagne.jpeg,,4,,
Cubic Zirconia Rough - Champagne,cz001,Faceting Rough,Synthetic CZ,,"Champagne Cubic Zirconia rough - available in multiple sizes, featuring a warm, light golden color with excellent clarity. Ideal for faceting and lapidary projects.",ct,56,0.1,1,images\main\CZ-Champagne.jpeg,,5.6,,
Cubic Zirconia Rough - Champagne,cz001,Faceting Rough,Synthetic CZ,,"Champagne Cubic Zirconia rough - available in multiple sizes, featuring a warm, light golden color with excellent clarity. Ideal for faceting and lapidary projects.",ct,101,0.1,0,images\main\CZ-Champagne.jpeg,,10.1,,
Cubic Zirconia Rough - Champagne,cz001,Faceting Rough,Synthetic CZ,,"Champagne Cubic Zirconia rough - available in multiple sizes, featuring a warm, light golden color with excellent clarity. Ideal for faceting and lapidary projects.",ct,92,0.1,1,images\main\CZ-Champagne.jpeg,,9.2,,
Cubic Zirconia Rough - Champagne,cz001,Faceting Rough,Synthetic CZ,,"Champagne Cubic Zirconia rough - available in multiple sizes, featuring a warm, light golden color with excellent clarity. Ideal for faceting and lapidary projects.",ct,84,0.1,1,images\main\CZ-Champagne.jpeg,,8.4,,
Cubic Zirconia Rough - Champagne,cz001,Faceting Rough,Synthetic CZ,,"Champagne Cubic Zirconia rough - available in multiple sizes, featuring a warm, light golden color with excellent clarity. Ideal for faceting and lapidary projects.",ct,124,0.1,1,images\main\CZ-Champagne.jpeg,,12.4,,
Cubic Zirconia Rough - Champagne,cz001,Faceting Rough,Synthetic CZ,,"Champagne Cubic Zirconia rough - available in multiple sizes, featuring a warm, light golden color with excellent clarity. Ideal for faceting and lapidary projects.",ct,62,0.1,1,images\main\CZ-Champagne.jpeg,,6.2,,
Cubic Zirconia Rough - Orange,cz004,Faceting Rough,Synthetic CZ,,"Orange Cubic Zirconia rough - available in multiple sizes, featuring a bright orange color and excellent clarity. Ideal for faceting and lapidary projects.",ct,46,0.1,1,images\main\CZ-Orange.jpeg,,4.6,,
Cubic Zirconia Rough - Orange,cz004,Faceting Rough,Synthetic CZ,,"Orange Cubic Zirconia rough - available in multiple sizes, featuring a bright orange color and excellent clarity. Ideal for faceting and lapidary projects.",ct,79,0.1,0,images\main\CZ-Orange.jpeg,,7.9,,
Cubic Zirconia Rough - Orange,cz004,Faceting Rough,Synthetic CZ,,"Orange Cubic Zirconia rough - available in multiple sizes, featuring a bright orange color and excellent clarity. Ideal for faceting and lapidary projects.",ct,110,0.1,1,images\main\CZ-Orange.jpeg,,11,,
Cubic Zirconia Rough - Orange,cz004,Faceting Rough,Synthetic CZ,,"Orange Cubic Zirconia rough - available in multiple sizes, featuring a bright orange color and excellent clarity. Ideal for faceting and lapidary projects.",ct,114,0.1,1,images\main\CZ-Orange.jpeg,,11.4,,
Cubic Zirconia Rough - Orange,cz004,Faceting Rough,Synthetic CZ,,"Orange Cubic Zirconia rough - available in multiple sizes, featuring a bright orange color and excellent clarity. Ideal for faceting and lapidary projects.",ct,65,0.1,1,images\main\CZ-Orange.jpeg,,6.5,,
Cubic Zirconia Rough - Orange,cz004,Faceting Rough,Synthetic CZ,,"Orange Cubic Zirconia rough - available in multiple sizes, featuring a bright orange color and excellent clarity. Ideal for faceting and lapidary projects.",ct,84,0.1,1,images\main\CZ-Orange.jpeg,,8.4,,
Cubic Zirconia Rough - Orange,cz004,Faceting Rough,Synthetic CZ,,"Orange Cubic Zirconia rough - available in multiple sizes, featuring a bright orange color and excellent clarity. Ideal for faceting and lapidary projects.",ct,103,0.1,1,images\main\CZ-Orange.jpeg,,10.3,,
Cubic Zirconia Rough - Orange,cz004,Faceting Rough,Synthetic CZ,,"Orange Cubic Zirconia rough - available in multiple sizes, featuring a bright orange color and excellent clarity. Ideal for faceting and lapidary projects.",ct,180,0.1,1,images\main\CZ-Orange.jpeg,,18,,
Cubic Zirconia Rough - Orange,cz004,Faceting Rough,Synthetic CZ,,"Orange Cubic Zirconia rough - available in multiple sizes, featuring a bright orange color and excellent clarity. Ideal for faceting and lapidary projects.",ct,485,0.1,1,images\main\CZ-Orange.jpeg,,48.5,,
Cubic Zirconia Rough - Orange,cz004,Faceting Rough,Synthetic CZ,,"Orange Cubic Zirconia rough - available in multiple sizes, featuring a bright orange color and excellent clarity. Ideal for faceting and lapidary projects.",ct,263,0.1,1,images\main\CZ-Orange.jpeg,,26.3,,
Cubic Zirconia Rough - Orange,cz004,Faceting Rough,Synthetic CZ,,"Orange Cubic Zirconia rough - available in multiple sizes, featuring a bright orange color and excellent clarity. Ideal for faceting and lapidary projects.",ct,330,0.1,1,images\main\CZ-Orange.jpeg,,33,,
Cubic Zirconia Rough - Golden Yellow,cz003,Faceting Rough,Synthetic CZ,,"Golden Yellow Cubic Zirconia rough - available in multiple sizes, featuring a vibrant golden yellow color with high clarity. Ideal for faceting and lapidary projects.",ct,453,0.1,1,images\main\CZ-Golden.jpeg,,45.3,,
Cubic Zirconia Rough - Golden Yellow,cz003,Faceting Rough,Synthetic CZ,,"Golden Yellow Cubic Zirconia rough - available in multiple sizes, featuring a vibrant golden yellow color with high clarity. Ideal for faceting and lapidary projects.",ct,174,0.1,1,images\main\CZ-Golden.jpeg,,17.4,,
Cubic Zirconia Rough - Golden Yellow,cz003,Faceting Rough,Synthetic CZ,,"Golden Yellow Cubic Zirconia rough - available in multiple sizes, featuring a vibrant golden yellow color with high clarity. Ideal for faceting and lapidary projects.",ct,64,0.1,0,images\main\CZ-Golden.jpeg,,6.4,,
Cubic Zirconia Rough - Golden Yellow,cz003,Faceting Rough,Synthetic CZ,,"Golden Yellow Cubic Zirconia rough - available in multiple sizes, featuring a vibrant golden yellow color with high clarity. Ideal for faceting and lapidary projects.",ct,67,0.1,0,images\main\CZ-Golden.jpeg,,6.7,,
Cubic Zirconia Rough - Golden Yellow,cz003,Faceting Rough,Synthetic CZ,,"Golden Yellow Cubic Zirconia rough - available in multiple sizes, featuring a vibrant golden yellow color with high clarity. Ideal for faceting and lapidary projects.",ct,133,0.1,0,images\main\CZ-Golden.jpeg,,13.3,,
Cubic Zirconia Rough - Golden Yellow,cz003,Faceting Rough,Synthetic CZ,,"Golden Yellow Cubic Zirconia rough - available in multiple sizes, featuring a vibrant golden yellow color with high clarity. Ideal for faceting and lapidary projects.",ct,130,0.1,1,images\main\CZ-Golden.jpeg,,13,,
Cubic Zirconia Rough - Golden Yellow,cz003,Faceting Rough,Synthetic CZ,,"Golden Yellow Cubic Zirconia rough - available in multiple sizes, featuring a vibrant golden yellow color with high clarity. Ideal for faceting and lapidary projects.",ct,55,0.1,0,images\main\CZ-Golden.jpeg,,5.5,,
Cubic Zirconia Rough - Lavender,cz002,Faceting Rough,Synthetic CZ,,"Lavender Cubic Zirconia rough - available in multiple sizes, featuring a delicate lavender hue and brilliant clarity. Ideal for faceting and lapidary projects.",ct,305,0.1,2,images\main\CZ-Lavender.jpeg,,30.5,,
Cubic Zirconia Rough - Lavender,cz002,Faceting Rough,Synthetic CZ,,"Lavender Cubic Zirconia rough - available in multiple sizes, featuring a delicate lavender hue and brilliant clarity. Ideal for faceting and lapidary projects.",ct,485,0.1,1,images\main\CZ-Lavender.jpeg,,48.5,,
Cubic Zirconia Rough - Lavender,cz002,Faceting Rough,Synthetic CZ,,"Lavender Cubic Zirconia rough - available in multiple sizes, featuring a delicate lavender hue and brilliant clarity. Ideal for faceting and lapidary projects.",ct,225,0.1,1,images\main\CZ-Lavender.jpeg,,22.5,,
Cubic Zirconia Rough - Lavender,cz002,Faceting Rough,Synthetic CZ,,"Lavender Cubic Zirconia rough - available in multiple sizes, featuring a delicate lavender hue and brilliant clarity. Ideal for faceting and lapidary projects.",ct,108,0.1,1,images\main\CZ-Lavender.jpeg,,10.8,,
Cubic Zirconia Rough - Lavender,cz002,Faceting Rough,Synthetic CZ,,"Lavender Cubic Zirconia rough - available in multiple sizes, featuring a delicate lavender hue and brilliant clarity. Ideal for faceting and lapidary projects.",ct,98,0.1,1,images\main\CZ-Lavender.jpeg,,9.8,,
Cubic Zirconia Rough - Lavender,cz002,Faceting Rough,Synthetic CZ,,"Lavender Cubic Zirconia rough - available in multiple sizes, featuring a delicate lavender hue and brilliant clarity. Ideal for faceting and lapidary projects.",ct,96,0.1,1,images\main\CZ-Lavender.jpeg,,9.6,,
Cubic Zirconia Rough - Lavender,cz002,Faceting Rough,Synthetic CZ,,"Lavender Cubic Zirconia rough - available in multiple sizes, featuring a delicate lavender hue and brilliant clarity. Ideal for faceting and lapidary projects.",ct,92,0.1,1,images\main\CZ-Lavender.jpeg,,9.2,,
Cubic Zirconia Rough - Lavender,cz002,Faceting Rough,Synthetic CZ,,"Lavender Cubic Zirconia rough - available in multiple sizes, featuring a delicate lavender hue and brilliant clarity. Ideal for faceting and lapidary projects.",ct,71,0.1,1,images\main\CZ-Lavender.jpeg,,7.1,,
Cubic Zirconia Rough - Lavender,cz002,Faceting Rough,Synthetic CZ,,"Lavender Cubic Zirconia rough - available in multiple sizes, featuring a delicate lavender hue and brilliant clarity. Ideal for faceting and lapidary projects.",ct,48,0.1,2,images\main\CZ-Lavender.jpeg,,4.8,,